file	SHA256	size_bytes
PHASE04_README_KO.md	cec7a900977106457370315e8a7ef7a514d4756d7e22a70fd39b42c86e077277	3171
PHASE03_DESIGN_AUDIT_KO.md	6f509779dc4bf2ce87726970bf1710ff253f2eff7ae6c9b90494f3faf95525a4	14152
04_SIGNAL_INTERFACE_ARCHITECTURE_KO.md	6ed4eb8496ff8471e373b62631efbcb5b18b0f2335538e79355ca088953ee684	58853
04_SIGNAL_CANDIDATE_CATALOG.csv	3c1b2cb1dd2ab0c69053f66b5b1fd9476d50e15e4dbade49e245fa7a935b43a7	23767
04_INTERFACE_BOUNDARY_CANDIDATES.csv	66999df472eec495797e37b8baa8e71943c289d546491eef1c7731d178b3bb9c	5793
TRACKBACK_CODE_AUDIT_REQUEST_KO.md	7f3f65318f41dce69048f4ce6e1e28aac753902899fbb6a437615163bf3ffd48	3582
01_REFERENCE_ARCHITECTURE_KO.md	2372c93bf7808bdd44375eb91e4efc45a44672e4519377350fc0887380a07bc5	14854
02_DOMAIN_FUNCTION_DECOMPOSITION_KO.md	ebcb6f051a4b249a2f5fe514c9ef07a1fd00b0b91c44219fd37b83762ee0e515	49690
03_INTERNAL_LOGIC_STATE_MACHINE_KO.md	3eeb022687f9c54f8b2dc7883db68fa7f24465537f5c6ec9561c2494bba2c3a8	38029
03_B_DRIVER_STATE_GEAR_BRAKING_STEERING_KO.md	16aa5cf3b978bc6bebcf8408ffdda1e98703005c02980001f4c42b9175319e06	24536
03_C_STABILITY_MOTION_COORDINATION_KO.md	f6db709126e758e12d8752e2df0fb5c037bde4f06dfdbd35b1954846af18f771	15282
03_D_ADAS_SENSING_ENERGY_KO.md	eef60132c18ba914c6fe5581f2d7f12a261a0168eda179b8fcc4f44578301537	14754
03_E_FAULT_COMMUNICATION_PLATFORM_KO.md	9c87cb4bdf9fea33bdfeeb48aa49bc7cc9e9544697204d6e313537618b6bef9d	14737
03_F_OCCUPANT_ACTUATION_PLANT_KO.md	998f085ac35e9b844dbb736205d0b2fb20707954763c15d8a72f54d1b76c325a	12032
03_G_CROSS_DOMAIN_INTEGRATION_KO.md	bc1fc79d3ff7c98892e7a77115b223141be5b3d3b08249a78bd9ddf96352cbc2	16984
03_PHASE03_COMPLETE_KO.md	41eb50d157ca76a2477ce0cdb5b002df18edea2e1c40ee78540ab6f502bec569	138849
03_WHOLE_VEHICLE_LOGIC_MAP.svg	cbdf3f7b4d8675d8e18912196c3d714760935e9e3e41c8f6b3445f0c2b2f4a9b	25590
03_WHOLE_VEHICLE_LOGIC_MAP.dot	68b6118cfabe8878f66a48eac1d3997463e1c2ec9b099ba42be4308fda9b16af	3566
